﻿<Project DefaultTargets="Build" xmlns="http://schemas.microsoft.com/developer/msbuild/2003">
<Choose> 
	<When Condition=" '$(MSBuildBinPath)'=='%SystemRoot%\Microsoft.NET\Framework64\v2.0.50727' ">
		<PropertyGroup>
			<Is64Bit>true</Is64Bit>
			<Platform>x64</Platform>
		</PropertyGroup>
	</When>
	<Otherwise>
		<PropertyGroup>
			<Is64Bit>false</Is64Bit>
			<Platform>Win32</Platform>
		</PropertyGroup>
	</Otherwise>
</Choose>


<PropertyGroup>
    <Configuration Condition=" '$(Configuration)' == '' ">Debug</Configuration>
    <!-- <Platform Condition=" '$(Platform)' == '' ">Win32</Platform> -->
	<BuildCondition>$(Configuration)|$(Platform)</BuildCondition>
</PropertyGroup>

<PropertyGroup Condition=" '$(BuildCondition)' == 'Debug|AnyCPU' ">
</PropertyGroup>

<PropertyGroup Condition=" '$(BuildCondition)' == 'Release|AnyCPU' ">
</PropertyGroup>

<!-- 특별한 문자열 -->
<PropertyGroup>
	<Semicolon>%3b</Semicolon>
</PropertyGroup>

<!-- 비주얼 스튜디오 2005 등 도구 바이너리 -->
<PropertyGroup>
	<DevEnv>devenv</DevEnv>
</PropertyGroup>


<ItemGroup>
	<ProjectReferences Include=".\UnitTest++\UnitTest++.vsnet2008.sln">
		<Configuration>$(Configuration)</Configuration>
		<Platform>$(Platform)</Platform>
	</ProjectReferences>
</ItemGroup>
		
<Target Name="Clean">
	<Message Text="타겟: Clean" />
</Target>

<Target Name="Build">
	<Message Text="타겟: Build" />
	<Message Text="빌드 조건: '$(BuildCondition)'" Importance="high" />
	
	<!--
	<MSBuild Projects="@(ProjectReferences)" 
		Properties="Configuration=%(ProjectReferences.Configuration);Platform=%(ProjectReferences.Platform)"
		StopOnFirstFailure="true"
		/>
		-->
	<Exec Command="$(DevEnv) &quot;%(ProjectReferences.FullPath)&quot; /Build &quot;%(ProjectReferences.Configuration)|%(ProjectReferences.Platform)&quot;  " ContinueOnError="false" IgnoreExitCode="false" />
</Target>

<Target Name="Rebuild" DependsOnTargets="Clean; Build">
	<Message Text="타겟: Rebuild" />
</Target>
</Project>
