<?xml version="1.0" encoding="UTF-8"?><?xml-stylesheet type='text/xsl' href='_UpgradeReport_Files/UpgradeReport.xslt'?><UpgradeLog>
<Properties><Property Name="Solution" Value="AIMLGUI.vs2008">
</Property><Property Name="Solution File" Value="D:\workspace\cuckoo-trunk\server\src\Aiml\AIMLGUI\AIMLGUI.vs2008.sln">
</Property><Property Name="Date" Value="2008년 8월 28일 목요일">
</Property><Property Name="Time" Value="오전 10:28:34">
</Property><Property Name="Log Number" Value="2">
</Property></Properties><Event ErrorLevel="0" Project="AIMLbot.vs2008" Source="..\AIMLbot\AIMLbot\AIMLbot.vs2008.csproj" Description="Project file successfully backed up as D:\workspace\cuckoo-trunk\server\src\Aiml\AIMLGUI\Backup1\AIMLbot.vs2008.csproj">
</Event><Event ErrorLevel="0" Project="AIMLbot.vs2008" Source="..\AIMLbot\AIMLbot\AIMLTagHandlers\bot.cs" Description="File successfully backed up as D:\workspace\cuckoo-trunk\server\src\Aiml\AIMLGUI\Backup1\AIMLTagHandlers\bot.cs">
</Event><Event ErrorLevel="0" Project="AIMLbot.vs2008" Source="..\AIMLbot\AIMLbot\AIMLTagHandlers\condition.cs" Description="File successfully backed up as D:\workspace\cuckoo-trunk\server\src\Aiml\AIMLGUI\Backup1\AIMLTagHandlers\condition.cs">
</Event><Event ErrorLevel="0" Project="AIMLbot.vs2008" Source="..\AIMLbot\AIMLbot\AIMLTagHandlers\date.cs" Description="File successfully backed up as D:\workspace\cuckoo-trunk\server\src\Aiml\AIMLGUI\Backup1\AIMLTagHandlers\date.cs">
</Event><Event ErrorLevel="0" Project="AIMLbot.vs2008" Source="..\AIMLbot\AIMLbot\AIMLTagHandlers\formal.cs" Description="File successfully backed up as D:\workspace\cuckoo-trunk\server\src\Aiml\AIMLGUI\Backup1\AIMLTagHandlers\formal.cs">
</Event><Event ErrorLevel="0" Project="AIMLbot.vs2008" Source="..\AIMLbot\AIMLbot\AIMLTagHandlers\gender.cs" Description="File successfully backed up as D:\workspace\cuckoo-trunk\server\src\Aiml\AIMLGUI\Backup1\AIMLTagHandlers\gender.cs">
</Event><Event ErrorLevel="0" Project="AIMLbot.vs2008" Source="..\AIMLbot\AIMLbot\AIMLTagHandlers\get.cs" Description="File successfully backed up as D:\workspace\cuckoo-trunk\server\src\Aiml\AIMLGUI\Backup1\AIMLTagHandlers\get.cs">
</Event><Event ErrorLevel="0" Project="AIMLbot.vs2008" Source="..\AIMLbot\AIMLbot\AIMLTagHandlers\gossip.cs" Description="File successfully backed up as D:\workspace\cuckoo-trunk\server\src\Aiml\AIMLGUI\Backup1\AIMLTagHandlers\gossip.cs">
</Event><Event ErrorLevel="0" Project="AIMLbot.vs2008" Source="..\AIMLbot\AIMLbot\AIMLTagHandlers\id.cs" Description="File successfully backed up as D:\workspace\cuckoo-trunk\server\src\Aiml\AIMLGUI\Backup1\AIMLTagHandlers\id.cs">
</Event><Event ErrorLevel="0" Project="AIMLbot.vs2008" Source="..\AIMLbot\AIMLbot\AIMLTagHandlers\input.cs" Description="File successfully backed up as D:\workspace\cuckoo-trunk\server\src\Aiml\AIMLGUI\Backup1\AIMLTagHandlers\input.cs">
</Event><Event ErrorLevel="0" Project="AIMLbot.vs2008" Source="..\AIMLbot\AIMLbot\AIMLTagHandlers\javascript.cs" Description="File successfully backed up as D:\workspace\cuckoo-trunk\server\src\Aiml\AIMLGUI\Backup1\AIMLTagHandlers\javascript.cs">
</Event><Event ErrorLevel="0" Project="AIMLbot.vs2008" Source="..\AIMLbot\AIMLbot\AIMLTagHandlers\learn.cs" Description="File successfully backed up as D:\workspace\cuckoo-trunk\server\src\Aiml\AIMLGUI\Backup1\AIMLTagHandlers\learn.cs">
</Event><Event ErrorLevel="0" Project="AIMLbot.vs2008" Source="..\AIMLbot\AIMLbot\AIMLTagHandlers\lowercase.cs" Description="File successfully backed up as D:\workspace\cuckoo-trunk\server\src\Aiml\AIMLGUI\Backup1\AIMLTagHandlers\lowercase.cs">
</Event><Event ErrorLevel="0" Project="AIMLbot.vs2008" Source="..\AIMLbot\AIMLbot\AIMLTagHandlers\person.cs" Description="File successfully backed up as D:\workspace\cuckoo-trunk\server\src\Aiml\AIMLGUI\Backup1\AIMLTagHandlers\person.cs">
</Event><Event ErrorLevel="0" Project="AIMLbot.vs2008" Source="..\AIMLbot\AIMLbot\AIMLTagHandlers\person2.cs" Description="File successfully backed up as D:\workspace\cuckoo-trunk\server\src\Aiml\AIMLGUI\Backup1\AIMLTagHandlers\person2.cs">
</Event><Event ErrorLevel="0" Project="AIMLbot.vs2008" Source="..\AIMLbot\AIMLbot\AIMLTagHandlers\random.cs" Description="File successfully backed up as D:\workspace\cuckoo-trunk\server\src\Aiml\AIMLGUI\Backup1\AIMLTagHandlers\random.cs">
</Event><Event ErrorLevel="0" Project="AIMLbot.vs2008" Source="..\AIMLbot\AIMLbot\AIMLTagHandlers\sentence.cs" Description="File successfully backed up as D:\workspace\cuckoo-trunk\server\src\Aiml\AIMLGUI\Backup1\AIMLTagHandlers\sentence.cs">
</Event><Event ErrorLevel="0" Project="AIMLbot.vs2008" Source="..\AIMLbot\AIMLbot\AIMLTagHandlers\set.cs" Description="File successfully backed up as D:\workspace\cuckoo-trunk\server\src\Aiml\AIMLGUI\Backup1\AIMLTagHandlers\set.cs">
</Event><Event ErrorLevel="0" Project="AIMLbot.vs2008" Source="..\AIMLbot\AIMLbot\AIMLTagHandlers\size.cs" Description="File successfully backed up as D:\workspace\cuckoo-trunk\server\src\Aiml\AIMLGUI\Backup1\AIMLTagHandlers\size.cs">
</Event><Event ErrorLevel="0" Project="AIMLbot.vs2008" Source="..\AIMLbot\AIMLbot\AIMLTagHandlers\sr.cs" Description="File successfully backed up as D:\workspace\cuckoo-trunk\server\src\Aiml\AIMLGUI\Backup1\AIMLTagHandlers\sr.cs">
</Event><Event ErrorLevel="0" Project="AIMLbot.vs2008" Source="..\AIMLbot\AIMLbot\AIMLTagHandlers\srai.cs" Description="File successfully backed up as D:\workspace\cuckoo-trunk\server\src\Aiml\AIMLGUI\Backup1\AIMLTagHandlers\srai.cs">
</Event><Event ErrorLevel="0" Project="AIMLbot.vs2008" Source="..\AIMLbot\AIMLbot\AIMLTagHandlers\star.cs" Description="File successfully backed up as D:\workspace\cuckoo-trunk\server\src\Aiml\AIMLGUI\Backup1\AIMLTagHandlers\star.cs">
</Event><Event ErrorLevel="0" Project="AIMLbot.vs2008" Source="..\AIMLbot\AIMLbot\AIMLTagHandlers\system.cs" Description="File successfully backed up as D:\workspace\cuckoo-trunk\server\src\Aiml\AIMLGUI\Backup1\AIMLTagHandlers\system.cs">
</Event><Event ErrorLevel="0" Project="AIMLbot.vs2008" Source="..\AIMLbot\AIMLbot\AIMLTagHandlers\that.cs" Description="File successfully backed up as D:\workspace\cuckoo-trunk\server\src\Aiml\AIMLGUI\Backup1\AIMLTagHandlers\that.cs">
</Event><Event ErrorLevel="0" Project="AIMLbot.vs2008" Source="..\AIMLbot\AIMLbot\AIMLTagHandlers\thatstar.cs" Description="File successfully backed up as D:\workspace\cuckoo-trunk\server\src\Aiml\AIMLGUI\Backup1\AIMLTagHandlers\thatstar.cs">
</Event><Event ErrorLevel="0" Project="AIMLbot.vs2008" Source="..\AIMLbot\AIMLbot\AIMLTagHandlers\think.cs" Description="File successfully backed up as D:\workspace\cuckoo-trunk\server\src\Aiml\AIMLGUI\Backup1\AIMLTagHandlers\think.cs">
</Event><Event ErrorLevel="0" Project="AIMLbot.vs2008" Source="..\AIMLbot\AIMLbot\AIMLTagHandlers\topicstar.cs" Description="File successfully backed up as D:\workspace\cuckoo-trunk\server\src\Aiml\AIMLGUI\Backup1\AIMLTagHandlers\topicstar.cs">
</Event><Event ErrorLevel="0" Project="AIMLbot.vs2008" Source="..\AIMLbot\AIMLbot\AIMLTagHandlers\uppercase.cs" Description="File successfully backed up as D:\workspace\cuckoo-trunk\server\src\Aiml\AIMLGUI\Backup1\AIMLTagHandlers\uppercase.cs">
</Event><Event ErrorLevel="0" Project="AIMLbot.vs2008" Source="..\AIMLbot\AIMLbot\AIMLTagHandlers\version.cs" Description="File successfully backed up as D:\workspace\cuckoo-trunk\server\src\Aiml\AIMLGUI\Backup1\AIMLTagHandlers\version.cs">
</Event><Event ErrorLevel="0" Project="AIMLbot.vs2008" Source="..\AIMLbot\AIMLbot\Bot.cs" Description="File successfully backed up as D:\workspace\cuckoo-trunk\server\src\Aiml\AIMLGUI\Backup1\Bot.cs">
</Event><Event ErrorLevel="0" Project="AIMLbot.vs2008" Source="..\AIMLbot\AIMLbot\Normalize\ApplySubstitutions.cs" Description="File successfully backed up as D:\workspace\cuckoo-trunk\server\src\Aiml\AIMLGUI\Backup1\Normalize\ApplySubstitutions.cs">
</Event><Event ErrorLevel="0" Project="AIMLbot.vs2008" Source="..\AIMLbot\AIMLbot\Normalize\MakeCaseInsensitive.cs" Description="File successfully backed up as D:\workspace\cuckoo-trunk\server\src\Aiml\AIMLGUI\Backup1\Normalize\MakeCaseInsensitive.cs">
</Event><Event ErrorLevel="0" Project="AIMLbot.vs2008" Source="..\AIMLbot\AIMLbot\Normalize\SplitIntoSentences.cs" Description="File successfully backed up as D:\workspace\cuckoo-trunk\server\src\Aiml\AIMLGUI\Backup1\Normalize\SplitIntoSentences.cs">
</Event><Event ErrorLevel="0" Project="AIMLbot.vs2008" Source="..\AIMLbot\AIMLbot\Normalize\StripIllegalCharacters.cs" Description="File successfully backed up as D:\workspace\cuckoo-trunk\server\src\Aiml\AIMLGUI\Backup1\Normalize\StripIllegalCharacters.cs">
</Event><Event ErrorLevel="0" Project="AIMLbot.vs2008" Source="..\AIMLbot\AIMLbot\Request.cs" Description="File successfully backed up as D:\workspace\cuckoo-trunk\server\src\Aiml\AIMLGUI\Backup1\Request.cs">
</Event><Event ErrorLevel="0" Project="AIMLbot.vs2008" Source="..\AIMLbot\AIMLbot\Result.cs" Description="File successfully backed up as D:\workspace\cuckoo-trunk\server\src\Aiml\AIMLGUI\Backup1\Result.cs">
</Event><Event ErrorLevel="0" Project="AIMLbot.vs2008" Source="..\AIMLbot\AIMLbot\User.cs" Description="File successfully backed up as D:\workspace\cuckoo-trunk\server\src\Aiml\AIMLGUI\Backup1\User.cs">
</Event><Event ErrorLevel="0" Project="AIMLbot.vs2008" Source="..\AIMLbot\AIMLbot\Utils\AIMLLoader.cs" Description="File successfully backed up as D:\workspace\cuckoo-trunk\server\src\Aiml\AIMLGUI\Backup1\Utils\AIMLLoader.cs">
</Event><Event ErrorLevel="0" Project="AIMLbot.vs2008" Source="..\AIMLbot\AIMLbot\Utils\AIMLTagHandler.cs" Description="File successfully backed up as D:\workspace\cuckoo-trunk\server\src\Aiml\AIMLGUI\Backup1\Utils\AIMLTagHandler.cs">
</Event><Event ErrorLevel="0" Project="AIMLbot.vs2008" Source="..\AIMLbot\AIMLbot\Utils\CustomTag.cs" Description="File successfully backed up as D:\workspace\cuckoo-trunk\server\src\Aiml\AIMLGUI\Backup1\Utils\CustomTag.cs">
</Event><Event ErrorLevel="0" Project="AIMLbot.vs2008" Source="..\AIMLbot\AIMLbot\Utils\Gender.cs" Description="File successfully backed up as D:\workspace\cuckoo-trunk\server\src\Aiml\AIMLGUI\Backup1\Utils\Gender.cs">
</Event><Event ErrorLevel="0" Project="AIMLbot.vs2008" Source="..\AIMLbot\AIMLbot\Utils\MatchState.cs" Description="File successfully backed up as D:\workspace\cuckoo-trunk\server\src\Aiml\AIMLGUI\Backup1\Utils\MatchState.cs">
</Event><Event ErrorLevel="0" Project="AIMLbot.vs2008" Source="..\AIMLbot\AIMLbot\Utils\Node.cs" Description="File successfully backed up as D:\workspace\cuckoo-trunk\server\src\Aiml\AIMLGUI\Backup1\Utils\Node.cs">
</Event><Event ErrorLevel="0" Project="AIMLbot.vs2008" Source="..\AIMLbot\AIMLbot\Utils\SettingsDictionary.cs" Description="File successfully backed up as D:\workspace\cuckoo-trunk\server\src\Aiml\AIMLGUI\Backup1\Utils\SettingsDictionary.cs">
</Event><Event ErrorLevel="0" Project="AIMLbot.vs2008" Source="..\AIMLbot\AIMLbot\Utils\SubQuery.cs" Description="File successfully backed up as D:\workspace\cuckoo-trunk\server\src\Aiml\AIMLGUI\Backup1\Utils\SubQuery.cs">
</Event><Event ErrorLevel="0" Project="AIMLbot.vs2008" Source="..\AIMLbot\AIMLbot\Utils\TagHandler.cs" Description="File successfully backed up as D:\workspace\cuckoo-trunk\server\src\Aiml\AIMLGUI\Backup1\Utils\TagHandler.cs">
</Event><Event ErrorLevel="0" Project="AIMLbot.vs2008" Source="..\AIMLbot\AIMLbot\Utils\TextTransformer.cs" Description="File successfully backed up as D:\workspace\cuckoo-trunk\server\src\Aiml\AIMLGUI\Backup1\Utils\TextTransformer.cs">
</Event><Event ErrorLevel="0" Project="AIMLbot.vs2008" Source="..\AIMLbot\AIMLbot\Properties\AssemblyInfo.cs" Description="File successfully backed up as D:\workspace\cuckoo-trunk\server\src\Aiml\AIMLGUI\Backup1\Properties\AssemblyInfo.cs">
</Event><Event ErrorLevel="0" Project="AIMLbot.vs2008" Source="..\AIMLbot\AIMLbot\ConfigurationFiles\DefaultPredicates.xml" Description="File successfully backed up as D:\workspace\cuckoo-trunk\server\src\Aiml\AIMLGUI\Backup1\ConfigurationFiles\DefaultPredicates.xml">
</Event><Event ErrorLevel="0" Project="AIMLbot.vs2008" Source="..\AIMLbot\AIMLbot\ConfigurationFiles\GenderSubstitutions.xml" Description="File successfully backed up as D:\workspace\cuckoo-trunk\server\src\Aiml\AIMLGUI\Backup1\ConfigurationFiles\GenderSubstitutions.xml">
</Event><Event ErrorLevel="0" Project="AIMLbot.vs2008" Source="..\AIMLbot\AIMLbot\ConfigurationFiles\Person2Substitutions.xml" Description="File successfully backed up as D:\workspace\cuckoo-trunk\server\src\Aiml\AIMLGUI\Backup1\ConfigurationFiles\Person2Substitutions.xml">
</Event><Event ErrorLevel="0" Project="AIMLbot.vs2008" Source="..\AIMLbot\AIMLbot\ConfigurationFiles\PersonSubstitutions.xml" Description="File successfully backed up as D:\workspace\cuckoo-trunk\server\src\Aiml\AIMLGUI\Backup1\ConfigurationFiles\PersonSubstitutions.xml">
</Event><Event ErrorLevel="0" Project="AIMLbot.vs2008" Source="..\AIMLbot\AIMLbot\ConfigurationFiles\Settings.xml" Description="File successfully backed up as D:\workspace\cuckoo-trunk\server\src\Aiml\AIMLGUI\Backup1\ConfigurationFiles\Settings.xml">
</Event><Event ErrorLevel="0" Project="AIMLbot.vs2008" Source="..\AIMLbot\AIMLbot\ConfigurationFiles\Splitters.xml" Description="File successfully backed up as D:\workspace\cuckoo-trunk\server\src\Aiml\AIMLGUI\Backup1\ConfigurationFiles\Splitters.xml">
</Event><Event ErrorLevel="0" Project="AIMLbot.vs2008" Source="..\AIMLbot\AIMLbot\ConfigurationFiles\Substitutions.xml" Description="File successfully backed up as D:\workspace\cuckoo-trunk\server\src\Aiml\AIMLGUI\Backup1\ConfigurationFiles\Substitutions.xml">
</Event><Event ErrorLevel="0" Project="AIMLbot.vs2008" Source="..\AIMLbot\AIMLbot\AIMLbot.vs2008.csproj" Description="Project converted successfully">
</Event><Event ErrorLevel="3" Project="AIMLbot.vs2008" Source="..\AIMLbot\AIMLbot\AIMLbot.vs2008.csproj" Description="Converted">
</Event><Event ErrorLevel="0" Project="AIMLbot.vs2008" Source="..\AIMLbot\AIMLbot\AIMLbot.vs2008.csproj" Description="Scan complete: Upgrade not required for project files.">
</Event></UpgradeLog>