<?xml version="1.0" encoding="UTF-8"?><?xml-stylesheet type='text/xsl' href='_UpgradeReport_Files/UpgradeReport.xslt'?><UpgradeLog>
<Properties><Property Name="Solution" Value="AIMLProjects.vs2008">
</Property><Property Name="Solution File" Value="D:\workspace\cuckoo-trunk\server\src\Aiml\AIMLProjects.vs2008.sln">
</Property><Property Name="Date" Value="2008년 8월 28일 목요일">
</Property><Property Name="Time" Value="오후 14:17:23">
</Property><Property Name="Log Number" Value="2">
</Property></Properties><Event ErrorLevel="0" Project="Tests.vs2008" Source="Tests\Tests\Tests.vs2008.csproj" Description="Project file successfully backed up as D:\workspace\cuckoo-trunk\server\src\Aiml\Backup1\Tests.vs2008.csproj">
</Event><Event ErrorLevel="0" Project="Tests.vs2008" Source="Tests\Tests\StaticHelpers.cs" Description="File successfully backed up as D:\workspace\cuckoo-trunk\server\src\Aiml\Backup1\StaticHelpers.cs">
</Event><Event ErrorLevel="0" Project="Tests.vs2008" Source="Tests\Tests\Utils\AIMLLoaderTests.cs" Description="File successfully backed up as D:\workspace\cuckoo-trunk\server\src\Aiml\Backup1\Utils\AIMLLoaderTests.cs">
</Event><Event ErrorLevel="0" Project="Tests.vs2008" Source="Tests\Tests\AIMLTagHandlers\botTagTests.cs" Description="File successfully backed up as D:\workspace\cuckoo-trunk\server\src\Aiml\Backup1\AIMLTagHandlers\botTagTests.cs">
</Event><Event ErrorLevel="0" Project="Tests.vs2008" Source="Tests\Tests\AIMLTagHandlers\conditionTagTests.cs" Description="File successfully backed up as D:\workspace\cuckoo-trunk\server\src\Aiml\Backup1\AIMLTagHandlers\conditionTagTests.cs">
</Event><Event ErrorLevel="0" Project="Tests.vs2008" Source="Tests\Tests\AIMLTagHandlers\dateTagTests.cs" Description="File successfully backed up as D:\workspace\cuckoo-trunk\server\src\Aiml\Backup1\AIMLTagHandlers\dateTagTests.cs">
</Event><Event ErrorLevel="0" Project="Tests.vs2008" Source="Tests\Tests\AIMLTagHandlers\formalTagTests.cs" Description="File successfully backed up as D:\workspace\cuckoo-trunk\server\src\Aiml\Backup1\AIMLTagHandlers\formalTagTests.cs">
</Event><Event ErrorLevel="0" Project="Tests.vs2008" Source="Tests\Tests\AIMLTagHandlers\genderTagTests.cs" Description="File successfully backed up as D:\workspace\cuckoo-trunk\server\src\Aiml\Backup1\AIMLTagHandlers\genderTagTests.cs">
</Event><Event ErrorLevel="0" Project="Tests.vs2008" Source="Tests\Tests\AIMLTagHandlers\getTagTests.cs" Description="File successfully backed up as D:\workspace\cuckoo-trunk\server\src\Aiml\Backup1\AIMLTagHandlers\getTagTests.cs">
</Event><Event ErrorLevel="0" Project="Tests.vs2008" Source="Tests\Tests\AIMLTagHandlers\gossipTagTests.cs" Description="File successfully backed up as D:\workspace\cuckoo-trunk\server\src\Aiml\Backup1\AIMLTagHandlers\gossipTagTests.cs">
</Event><Event ErrorLevel="0" Project="Tests.vs2008" Source="Tests\Tests\AIMLTagHandlers\idTagTests.cs" Description="File successfully backed up as D:\workspace\cuckoo-trunk\server\src\Aiml\Backup1\AIMLTagHandlers\idTagTests.cs">
</Event><Event ErrorLevel="0" Project="Tests.vs2008" Source="Tests\Tests\AIMLTagHandlers\inputTagTests.cs" Description="File successfully backed up as D:\workspace\cuckoo-trunk\server\src\Aiml\Backup1\AIMLTagHandlers\inputTagTests.cs">
</Event><Event ErrorLevel="0" Project="Tests.vs2008" Source="Tests\Tests\AIMLTagHandlers\javascriptTagTests.cs" Description="File successfully backed up as D:\workspace\cuckoo-trunk\server\src\Aiml\Backup1\AIMLTagHandlers\javascriptTagTests.cs">
</Event><Event ErrorLevel="0" Project="Tests.vs2008" Source="Tests\Tests\AIMLTagHandlers\learnTagTests.cs" Description="File successfully backed up as D:\workspace\cuckoo-trunk\server\src\Aiml\Backup1\AIMLTagHandlers\learnTagTests.cs">
</Event><Event ErrorLevel="0" Project="Tests.vs2008" Source="Tests\Tests\AIMLTagHandlers\lowercaseTagTests.cs" Description="File successfully backed up as D:\workspace\cuckoo-trunk\server\src\Aiml\Backup1\AIMLTagHandlers\lowercaseTagTests.cs">
</Event><Event ErrorLevel="0" Project="Tests.vs2008" Source="Tests\Tests\AIMLTagHandlers\person2TagTests.cs" Description="File successfully backed up as D:\workspace\cuckoo-trunk\server\src\Aiml\Backup1\AIMLTagHandlers\person2TagTests.cs">
</Event><Event ErrorLevel="0" Project="Tests.vs2008" Source="Tests\Tests\AIMLTagHandlers\personTagTests.cs" Description="File successfully backed up as D:\workspace\cuckoo-trunk\server\src\Aiml\Backup1\AIMLTagHandlers\personTagTests.cs">
</Event><Event ErrorLevel="0" Project="Tests.vs2008" Source="Tests\Tests\AIMLTagHandlers\randomTagTests.cs" Description="File successfully backed up as D:\workspace\cuckoo-trunk\server\src\Aiml\Backup1\AIMLTagHandlers\randomTagTests.cs">
</Event><Event ErrorLevel="0" Project="Tests.vs2008" Source="Tests\Tests\AIMLTagHandlers\sentenceTagTests.cs" Description="File successfully backed up as D:\workspace\cuckoo-trunk\server\src\Aiml\Backup1\AIMLTagHandlers\sentenceTagTests.cs">
</Event><Event ErrorLevel="0" Project="Tests.vs2008" Source="Tests\Tests\AIMLTagHandlers\setTagTests.cs" Description="File successfully backed up as D:\workspace\cuckoo-trunk\server\src\Aiml\Backup1\AIMLTagHandlers\setTagTests.cs">
</Event><Event ErrorLevel="0" Project="Tests.vs2008" Source="Tests\Tests\AIMLTagHandlers\sizeTagTests.cs" Description="File successfully backed up as D:\workspace\cuckoo-trunk\server\src\Aiml\Backup1\AIMLTagHandlers\sizeTagTests.cs">
</Event><Event ErrorLevel="0" Project="Tests.vs2008" Source="Tests\Tests\AIMLTagHandlers\sraiTagTests.cs" Description="File successfully backed up as D:\workspace\cuckoo-trunk\server\src\Aiml\Backup1\AIMLTagHandlers\sraiTagTests.cs">
</Event><Event ErrorLevel="0" Project="Tests.vs2008" Source="Tests\Tests\AIMLTagHandlers\srTagTests.cs" Description="File successfully backed up as D:\workspace\cuckoo-trunk\server\src\Aiml\Backup1\AIMLTagHandlers\srTagTests.cs">
</Event><Event ErrorLevel="0" Project="Tests.vs2008" Source="Tests\Tests\AIMLTagHandlers\starTagTests.cs" Description="File successfully backed up as D:\workspace\cuckoo-trunk\server\src\Aiml\Backup1\AIMLTagHandlers\starTagTests.cs">
</Event><Event ErrorLevel="0" Project="Tests.vs2008" Source="Tests\Tests\AIMLTagHandlers\systemTagTests.cs" Description="File successfully backed up as D:\workspace\cuckoo-trunk\server\src\Aiml\Backup1\AIMLTagHandlers\systemTagTests.cs">
</Event><Event ErrorLevel="0" Project="Tests.vs2008" Source="Tests\Tests\AIMLTagHandlers\thatstarTagTests.cs" Description="File successfully backed up as D:\workspace\cuckoo-trunk\server\src\Aiml\Backup1\AIMLTagHandlers\thatstarTagTests.cs">
</Event><Event ErrorLevel="0" Project="Tests.vs2008" Source="Tests\Tests\AIMLTagHandlers\thatTagTests.cs" Description="File successfully backed up as D:\workspace\cuckoo-trunk\server\src\Aiml\Backup1\AIMLTagHandlers\thatTagTests.cs">
</Event><Event ErrorLevel="0" Project="Tests.vs2008" Source="Tests\Tests\AIMLTagHandlers\thinkTagTests.cs" Description="File successfully backed up as D:\workspace\cuckoo-trunk\server\src\Aiml\Backup1\AIMLTagHandlers\thinkTagTests.cs">
</Event><Event ErrorLevel="0" Project="Tests.vs2008" Source="Tests\Tests\AIMLTagHandlers\topicstarTagTests.cs" Description="File successfully backed up as D:\workspace\cuckoo-trunk\server\src\Aiml\Backup1\AIMLTagHandlers\topicstarTagTests.cs">
</Event><Event ErrorLevel="0" Project="Tests.vs2008" Source="Tests\Tests\AIMLTagHandlers\uppercaseTagTests.cs" Description="File successfully backed up as D:\workspace\cuckoo-trunk\server\src\Aiml\Backup1\AIMLTagHandlers\uppercaseTagTests.cs">
</Event><Event ErrorLevel="0" Project="Tests.vs2008" Source="Tests\Tests\AIMLTagHandlers\versionTagTests.cs" Description="File successfully backed up as D:\workspace\cuckoo-trunk\server\src\Aiml\Backup1\AIMLTagHandlers\versionTagTests.cs">
</Event><Event ErrorLevel="0" Project="Tests.vs2008" Source="Tests\Tests\Normalize\ApplySubstitutionsTests.cs" Description="File successfully backed up as D:\workspace\cuckoo-trunk\server\src\Aiml\Backup1\Normalize\ApplySubstitutionsTests.cs">
</Event><Event ErrorLevel="0" Project="Tests.vs2008" Source="Tests\Tests\BotTests.cs" Description="File successfully backed up as D:\workspace\cuckoo-trunk\server\src\Aiml\Backup1\BotTests.cs">
</Event><Event ErrorLevel="0" Project="Tests.vs2008" Source="Tests\Tests\Normalize\MakeCaseInsensitiveTests.cs" Description="File successfully backed up as D:\workspace\cuckoo-trunk\server\src\Aiml\Backup1\Normalize\MakeCaseInsensitiveTests.cs">
</Event><Event ErrorLevel="0" Project="Tests.vs2008" Source="Tests\Tests\RequestTests.cs" Description="File successfully backed up as D:\workspace\cuckoo-trunk\server\src\Aiml\Backup1\RequestTests.cs">
</Event><Event ErrorLevel="0" Project="Tests.vs2008" Source="Tests\Tests\ResultTests.cs" Description="File successfully backed up as D:\workspace\cuckoo-trunk\server\src\Aiml\Backup1\ResultTests.cs">
</Event><Event ErrorLevel="0" Project="Tests.vs2008" Source="Tests\Tests\Utils\NodeTests.cs" Description="File successfully backed up as D:\workspace\cuckoo-trunk\server\src\Aiml\Backup1\Utils\NodeTests.cs">
</Event><Event ErrorLevel="0" Project="Tests.vs2008" Source="Tests\Tests\Utils\SettingsDictionaryTests.cs" Description="File successfully backed up as D:\workspace\cuckoo-trunk\server\src\Aiml\Backup1\Utils\SettingsDictionaryTests.cs">
</Event><Event ErrorLevel="0" Project="Tests.vs2008" Source="Tests\Tests\Normalize\SplitIntoSentencesTests.cs" Description="File successfully backed up as D:\workspace\cuckoo-trunk\server\src\Aiml\Backup1\Normalize\SplitIntoSentencesTests.cs">
</Event><Event ErrorLevel="0" Project="Tests.vs2008" Source="Tests\Tests\Normalize\StripIllegalCharactersTests.cs" Description="File successfully backed up as D:\workspace\cuckoo-trunk\server\src\Aiml\Backup1\Normalize\StripIllegalCharactersTests.cs">
</Event><Event ErrorLevel="0" Project="Tests.vs2008" Source="Tests\Tests\Utils\TextTransformerTests.cs" Description="File successfully backed up as D:\workspace\cuckoo-trunk\server\src\Aiml\Backup1\Utils\TextTransformerTests.cs">
</Event><Event ErrorLevel="0" Project="Tests.vs2008" Source="Tests\Tests\Properties\AssemblyInfo.cs" Description="File successfully backed up as D:\workspace\cuckoo-trunk\server\src\Aiml\Backup1\Properties\AssemblyInfo.cs">
</Event><Event ErrorLevel="0" Project="Tests.vs2008" Source="Tests\Tests\UserTests.cs" Description="File successfully backed up as D:\workspace\cuckoo-trunk\server\src\Aiml\Backup1\UserTests.cs">
</Event><Event ErrorLevel="0" Project="Tests.vs2008" Source="Tests\Tests\Tests.vs2008.csproj" Description="Project converted successfully">
</Event><Event ErrorLevel="3" Project="Tests.vs2008" Source="Tests\Tests\Tests.vs2008.csproj" Description="Converted">
</Event><Event ErrorLevel="0" Project="Tests.vs2008" Source="Tests\Tests\Tests.vs2008.csproj" Description="Scan complete: Upgrade not required for project files.">
</Event></UpgradeLog>