<?xml version="1.0" encoding="UTF-8"?><?xml-stylesheet type='text/xsl' href='_UpgradeReport_Files/UpgradeReport.xslt'?><UpgradeLog>
<Properties><Property Name="Solution" Value="AIMLProjects.vs2008">
</Property><Property Name="Solution File" Value="D:\workspace\cuckoo-trunk\server\src\Aiml\AIMLProjects.vs2008.sln">
</Property><Property Name="Date" Value="2008년 8월 28일 목요일">
</Property><Property Name="Time" Value="오후 14:17:04">
</Property></Properties><Event ErrorLevel="0" Project="ExampleCustomAIMLTags.vs2008" Source="ExampleCustomAIMLTags\ExampleCustomAIMLTags\ExampleCustomAIMLTags.vs2008.csproj" Description="Project file successfully backed up as D:\workspace\cuckoo-trunk\server\src\Aiml\Backup\ExampleCustomAIMLTags.vs2008.csproj">
</Event><Event ErrorLevel="0" Project="ExampleCustomAIMLTags.vs2008" Source="ExampleCustomAIMLTags\ExampleCustomAIMLTags\fortunecookie.cs" Description="File successfully backed up as D:\workspace\cuckoo-trunk\server\src\Aiml\Backup\fortunecookie.cs">
</Event><Event ErrorLevel="0" Project="ExampleCustomAIMLTags.vs2008" Source="ExampleCustomAIMLTags\ExampleCustomAIMLTags\news.cs" Description="File successfully backed up as D:\workspace\cuckoo-trunk\server\src\Aiml\Backup\news.cs">
</Event><Event ErrorLevel="0" Project="ExampleCustomAIMLTags.vs2008" Source="ExampleCustomAIMLTags\ExampleCustomAIMLTags\piglatin.cs" Description="File successfully backed up as D:\workspace\cuckoo-trunk\server\src\Aiml\Backup\piglatin.cs">
</Event><Event ErrorLevel="0" Project="ExampleCustomAIMLTags.vs2008" Source="ExampleCustomAIMLTags\ExampleCustomAIMLTags\Properties\Settings.Designer.cs" Description="File successfully backed up as D:\workspace\cuckoo-trunk\server\src\Aiml\Backup\Properties\Settings.Designer.cs">
</Event><Event ErrorLevel="0" Project="ExampleCustomAIMLTags.vs2008" Source="ExampleCustomAIMLTags\ExampleCustomAIMLTags\system.cs" Description="File successfully backed up as D:\workspace\cuckoo-trunk\server\src\Aiml\Backup\system.cs">
</Event><Event ErrorLevel="0" Project="ExampleCustomAIMLTags.vs2008" Source="ExampleCustomAIMLTags\ExampleCustomAIMLTags\testtag.cs" Description="File successfully backed up as D:\workspace\cuckoo-trunk\server\src\Aiml\Backup\testtag.cs">
</Event><Event ErrorLevel="0" Project="ExampleCustomAIMLTags.vs2008" Source="ExampleCustomAIMLTags\ExampleCustomAIMLTags\Properties\AssemblyInfo.cs" Description="File successfully backed up as D:\workspace\cuckoo-trunk\server\src\Aiml\Backup\Properties\AssemblyInfo.cs">
</Event><Event ErrorLevel="0" Project="ExampleCustomAIMLTags.vs2008" Source="ExampleCustomAIMLTags\ExampleCustomAIMLTags\Web References\com.fullerdata.www\Reference.cs" Description="File successfully backed up as D:\workspace\cuckoo-trunk\server\src\Aiml\Backup\Web References\com.fullerdata.www\Reference.cs">
</Event><Event ErrorLevel="0" Project="ExampleCustomAIMLTags.vs2008" Source="ExampleCustomAIMLTags\ExampleCustomAIMLTags\Web References\com.fullerdata.www\FortuneCookie.wsdl" Description="File successfully backed up as D:\workspace\cuckoo-trunk\server\src\Aiml\Backup\Web References\com.fullerdata.www\FortuneCookie.wsdl">
</Event><Event ErrorLevel="0" Project="ExampleCustomAIMLTags.vs2008" Source="ExampleCustomAIMLTags\ExampleCustomAIMLTags\app.config" Description="File successfully backed up as D:\workspace\cuckoo-trunk\server\src\Aiml\Backup\app.config">
</Event><Event ErrorLevel="0" Project="ExampleCustomAIMLTags.vs2008" Source="ExampleCustomAIMLTags\ExampleCustomAIMLTags\Properties\Settings.settings" Description="File successfully backed up as D:\workspace\cuckoo-trunk\server\src\Aiml\Backup\Properties\Settings.settings">
</Event><Event ErrorLevel="0" Project="ExampleCustomAIMLTags.vs2008" Source="ExampleCustomAIMLTags\ExampleCustomAIMLTags\Web References\com.fullerdata.www\FortuneCookie.disco" Description="File successfully backed up as D:\workspace\cuckoo-trunk\server\src\Aiml\Backup\Web References\com.fullerdata.www\FortuneCookie.disco">
</Event><Event ErrorLevel="0" Project="ExampleCustomAIMLTags.vs2008" Source="ExampleCustomAIMLTags\ExampleCustomAIMLTags\Web References\com.fullerdata.www\Reference.map" Description="File successfully backed up as D:\workspace\cuckoo-trunk\server\src\Aiml\Backup\Web References\com.fullerdata.www\Reference.map">
</Event><Event ErrorLevel="0" Project="ExampleCustomAIMLTags.vs2008" Source="ExampleCustomAIMLTags\ExampleCustomAIMLTags\ExampleCustomAIMLTags.vs2008.csproj" Description="Project converted successfully">
</Event><Event ErrorLevel="3" Project="ExampleCustomAIMLTags.vs2008" Source="ExampleCustomAIMLTags\ExampleCustomAIMLTags\ExampleCustomAIMLTags.vs2008.csproj" Description="Converted">
</Event><Event ErrorLevel="0" Project="ExampleCustomAIMLTags.vs2008" Source="ExampleCustomAIMLTags\ExampleCustomAIMLTags\ExampleCustomAIMLTags.vs2008.csproj" Description="Scan complete: Upgrade not required for project files.">
</Event></UpgradeLog>